"state_code","county","state_id"
"CA","Los Angeles","5"
"IL","Cook","15"
"TX","Harris","44"
"AZ","Maricopa","4"
"CA","San Diego","5"
"CA","Orange","5"
"FL","Miami-Dade","10"
"TX","Dallas","44"
"NY","Kings","35"
"CA","Riverside","5"
"NY","Queens","35"
"WA","King","48"
"NV","Clark","34"
"CA","San Bernardino","5"
"TX","Tarrant","44"
"TX","Bexar","44"
"CA","Santa Clara","5"
"FL","Broward","10"
"MI","Wayne","23"
"CA","Alameda","5"
"NY","New York","35"
"MA","Middlesex","20"
"PA","Philadelphia","39"
"CA","Sacramento","5"
"NY","Suffolk","35"
"FL","Palm Beach","10"
"NY","Bronx","35"
"FL","Hillsborough","10"
"NY","Nassau","35"
"FL","Orange","10"
"OH","Franklin","36"
"MI","Oakland","23"
"OH","Cuyahoga","36"
"MN","Hennepin","24"
"TX","Travis","44"
"PA","Allegheny","39"
"VA","Fairfax","46"
"CA","Contra Costa","5"
"UT","Salt Lake","45"
"NC","Mecklenburg","28"
"NC","Wake","28"
"MD","Montgomery","21"
"GA","Fulton","11"
"AZ","Pima","4"
"MO","St. Louis","25"
"HI","Honolulu","12"
"CA","Fresno","5"
"TX","Collin","44"
"NY","Westchester","35"
"FL","Pinellas","10"
"IN","Marion","16"
"WI","Milwaukee","49"
"CT","Fairfield","7"
"TN","Shelby","43"
"FL","Duval","10"
"NJ","Bergen","32"
"IL","DuPage","15"
"NY","Erie","35"
"GA","Gwinnett","11"
"MD","Prince George's","21"
"CT","Hartford","7"
"CA","Kern","5"
"WA","Pierce","48"
"CA","San Francisco","5"
"MI","Macomb","23"
"CT","New Haven","7"
"TX","Hidalgo","44"
"CA","Ventura","5"
"TX","El Paso","44"
"TX","Denton","44"
"MD","Baltimore","21"
"NJ","Middlesex","32"
"MA","Worcester","20"
"PA","Montgomery","39"
"OH","Hamilton","36"
"OR","Multnomah","38"
"WA","Snohomish","48"
"MA","Suffolk","20"
"NJ","Essex","32"
"OK","Oklahoma","37"
"MA","Essex","20"
"CA","San Mateo","5"
"KY","Jefferson","18"
"TX","Fort Bend","44"
"GA","Cobb","11"
"GA","DeKalb","11"
"NY","Monroe","35"
"CA","San Joaquin","5"
"FL","Lee","10"
"CO","Denver","6"
"IL","Lake","15"
"MA","Norfolk","20"
"CO","El Paso","6"
"MO","Jackson","25"
"DC","District of Columbia","8"
"IL","Will","15"
"TN","Davidson","43"
"FL","Polk","10"
"NM","Bernalillo","33"
"NJ","Hudson","32"
"AL","Jefferson","2"
"MI","Kent","23"
"OK","Tulsa","37"
"CO","Arapahoe","6"
"RI","Providence","40"
"PA","Bucks","39"
"NJ","Monmouth","32"
"MD","Baltimore","21"
"UT","Utah","45"
"NJ","Ocean","32"
"KS","Johnson","17"
"OR","Washington","38"
"FL","Brevard","10"
"CO","Jefferson","6"
"TX","Montgomery","44"
"MD","Anne Arundel","21"
"PA","Delaware","39"
"MA","Bristol","20"
"NE","Douglas","30"
"DE","New Castle","9"
"NJ","Union","32"
"TX","Williamson","44"
"MN","Ramsey","24"
"CA","Stanislaus","5"
"OH","Summit","36"
"PA","Lancaster","39"
"FL","Volusia","10"
"WI","Dane","49"
"OH","Montgomery","36"
"IL","Kane","15"
"NC","Guilford","28"
"FL","Pasco","10"
"PA","Chester","39"
"MA","Plymouth","20"
"KS","Sedgwick","17"
"SC","Greenville","41"
"NJ","Camden","32"
"WA","Spokane","48"
"CO","Adams","6"
"NJ","Passaic","32"
"CA","Sonoma","5"
"NJ","Morris","32"
"IN","Lake","16"
"IA","Polk","13"
"NY","Richmond","35"
"WA","Clark","48"
"MA","Hampden","20"
"NY","Onondaga","35"
"CA","Tulare","5"
"VA","Prince William","46"
"FL","Seminole","10"
"TN","Knox","43"
"NV","Washoe","34"
"ID","Ada","14"
"VA","Virginia Beach","46"
"NJ","Burlington","32"
"PA","York","39"
"CA","Santa Barbara","5"
"LA","East Baton Rouge","19"
"CA","Solano","5"
"LA","Jefferson","19"
"CA","Monterey","5"
"AZ","Pinal","4"
"OH","Lucas","36"
"TX","Cameron","44"
"MN","Dakota","24"
"FL","Sarasota","10"
"PA","Berks","39"
"AL","Mobile","2"
"NH","Hillsborough","31"
"SC","Richland","41"
"OR","Clackamas","38"
"MI","Genesee","23"
"SC","Charleston","41"
"WI","Waukesha","49"
"VA","Loudoun","46"
"MO","St. Charles","25"
"AR","Pulaski","3"
"LA","Orleans","19"
"CA","Placer","5"
"FL","Manatee","10"
"NY","Orange","35"
"OH","Butler","36"
"NC","Forsyth","28"
"OR","Lane","38"
"IN","Allen","16"
"OH","Stark","36"
"FL","Collier","10"
"NJ","Mercer","32"
"MI","Washtenaw","23"
"PA","Lehigh","39"
"AL","Madison","2"
"TX","Nueces","44"
"TN","Hamilton","43"
"TX","Brazoria","44"
"FL","Marion","10"
"PA","Westmoreland","39"
"FL","Osceola","10"
"MN","Anoka","24"
"TX","Bell","44"
"FL","Lake","10"
"UT","Davis","45"
"CO","Larimer","6"
"VA","Chesterfield","46"
"OR","Marion","38"
"CO","Douglas","6"
"TX","Galveston","44"
"NC","Cumberland","28"
"SC","Horry","41"
"NJ","Somerset","32"
"VA","Henrico","46"
"NY","Rockland","35"
"IN","Hamilton","16"
"CO","Boulder","6"
"KY","Fayette","18"
"MD","Howard","21"
"PA","Luzerne","39"
"TN","Rutherford","43"
"FL","Escambia","10"
"NE","Lancaster","30"
"FL","St. Lucie","10"
"NC","Durham","28"
"MO","St. Louis","25"
"IL","McHenry","15"
"OH","Lorain","36"
"SC","Spartanburg","41"
"NY","Albany","35"
"NH","Rockingham","31"
"CO","Weld","6"
"TX","Lubbock","44"
"PA","Northampton","39"
"NY","Dutchess","35"
"AK","Anchorage","1"
"ME","Cumberland","22"
"NJ","Gloucester","32"
"MI","Ingham","23"
"SC","Lexington","41"
"FL","Leon","10"
"MO","Greene","25"
"GA","Chatham","11"
"MI","Ottawa","23"
"IL","Winnebago","15"
"GA","Clayton","11"
"CA","San Luis Obispo","5"
"WA","Thurston","48"
"OK","Cleveland","37"
"PA","Dauphin","39"
"CA","Santa Cruz","5"
"PA","Erie","39"
"TX","Webb","44"
"CA","Merced","5"
"IN","St. Joseph","16"
"CT","New London","7"
"NJ","Atlantic","32"
"WA","Kitsap","48"
"SC","York","41"
"AR","Benton","3"
"FL","Alachua","10"
"IL","Madison","15"
"MI","Kalamazoo","23"
"IL","St. Clair","15"
"WI","Brown","49"
"CA","Marin","5"
"NC","Buncombe","28"
"MN","Washington","24"
"LA","St. Tammany","19"
"TX","Jefferson","44"
"MD","Harford","21"
"UT","Weber","45"
"MD","Frederick","21"
"TX","McLennan","44"
"WA","Yakima","48"
"PA","Cumberland","39"
"GA","Cherokee","11"
"LA","Caddo","19"
"FL","St. Johns","10"
"VA","Norfolk","46"
"MO","Clay","25"
"LA","Lafayette","19"
"VA","Chesapeake","46"
"MS","Hinds","26"
"VA","Arlington","46"
"AR","Washington","3"
"NC","Union","28"
"OH","Mahoning","36"
"NY","Oneida","35"
"OH","Lake","36"
"OH","Warren","36"
"NY","Saratoga","35"
"GA","Forsyth","11"
"AZ","Yavapai","4"
"NC","New Hanover","28"
"TX","Smith","44"
"AL","Montgomery","2"
"VA","Richmond","46"
"CA","Butte","5"
"TN","Williamson","43"
"GA","Henry","11"
"DE","Sussex","9"
"MO","Jefferson","25"
"IA","Linn","13"
"TX","Brazos","44"
"WA","Whatcom","48"
"NC","Gaston","28"
"ID","Canyon","14"
"CA","Yolo","5"
"OR","Jackson","38"
"NM","Do√±a Ana","33"
"SC","Berkeley","41"
"MA","Barnstable","20"
"AL","Shelby","2"
"TX","Hays","44"
"AL","Baldwin","2"
"FL","Clay","10"
"NY","Niagara","35"
"PA","Lackawanna","39"
"IL","Champaign","15"
"AZ","Yuma","4"
"AZ","Mohave","4"
"AL","Tuscaloosa","2"
"PA","Washington","39"
"NC","Cabarrus","28"
"IN","Elkhart","16"
"MS","Harrison","26"
"ME","York","22"
"OH","Clermont","36"
"FL","Okaloosa","10"
"GA","Richmond","11"
"LA","Calcasieu","19"
"OH","Delaware","36"
"OH","Trumbull","36"
"TN","Montgomery","43"
"MN","St. Louis","24"
"HI","Hawaii","12"
"GA","Hall","11"
"SC","Anderson","41"
"WA","Benton","48"
"NC","Johnston","28"
"IL","Sangamon","15"
"GA","Muscogee","11"
"WI","Racine","49"
"NC","Onslow","28"
"NY","Broome","35"
"MI","Saginaw","23"
"IN","Tippecanoe","16"
"MI","Livingston","23"
"SD","Minnehaha","42"
"CA","El Dorado","5"
"PA","Butler","39"
"FL","Hernando","10"
"OR","Deschutes","38"
"SC","Beaufort","41"
"WI","Outagamie","49"
"TN","Sumner","43"
"WV","Kanawha","50"
"IL","Peoria","15"
"FL","Bay","10"
"CT","Litchfield","7"
"IN","Vanderburgh","16"
"NE","Sarpy","30"
"FL","Charlotte","10"
"CA","Imperial","5"
"VA","Newport News","46"
"CA","Shasta","5"
"MS","DeSoto","26"
"NY","Ulster","35"
"NC","Pitt","28"
"OH","Medina","36"
"KS","Shawnee","17"
"MO","Boone","25"
"ND","Cass","29"
"DE","Kent","9"
"NC","Iredell","28"
"FL","Santa Rosa","10"
"TX","Ellis","44"
"OH","Licking","36"
"MI","Muskegon","23"
"IL","McLean","15"
"IA","Scott","13"
"WI","Winnebago","49"
"IN","Porter","16"
"WI","Kenosha","49"
"SC","Aiken","41"
"TX","Midland","44"
"PA","Monroe","39"
"MD","Carroll","21"
"TX","Johnson","44"
"OH","Greene","36"
"CO","Pueblo","6"
"HI","Maui","12"
"PA","Beaver","39"
"UT","Washington","45"
"KY","Kenton","18"
"NC","Davidson","28"
"KS","Wyandotte","17"
"RI","Kent","40"
"IN","Hendricks","16"
"NC","Alamance","28"
"CT","Middlesex","7"
"VT","Chittenden","47"
"OH","Portage","36"
"WI","Rock","49"
"PA","Centre","39"
"AL","Lee","2"
"MA","Hampshire","20"
"TX","Ector","44"
"GA","Paulding","11"
"MD","Charles","21"
"MI","St. Clair","23"
"NY","Rensselaer","35"
"FL","Martin","10"
"MT","Yellowstone","27"
"TX","Guadalupe","44"
"MI","Jackson","23"
"MN","Stearns","24"
"SC","Dorchester","41"
"VA","Alexandria","46"
"NC","Catawba","28"
"ID","Kootenai","14"
"TN","Sullivan","43"
"LA","Ouachita","19"
"CA","Madera","5"
"NY","Schenectady","35"
"MN","Olmsted","24"
"OH","Fairfield","36"
"PA","Franklin","39"
"MI","Berrien","23"
"FL","Indian River","10"
"IN","Johnson","16"
"GA","Houston","11"
"GA","Bibb","11"
"MS","Rankin","26"
"NJ","Cumberland","32"
"ME","Penobscot","22"
"CO","Mesa","6"
"CT","Tolland","7"
"GA","Columbia","11"
"CA","Kings","5"
"MD","Washington","21"
"NH","Merrimack","31"
"MI","Monroe","23"
"NM","Santa Fe","33"
"IA","Johnson","13"
"VA","Stafford","46"
"IN","Monroe","16"
"MN","Scott","24"
"FL","Citrus","10"
"NC","Orange","28"
"IL","Rock Island","15"
"GA","Douglas","11"
"GA","Coweta","11"
"NC","Randolph","28"
"NM","Sandoval","33"
"PA","Schuylkill","39"
"MS","Jackson","26"
"TX","Comal","44"
"NJ","Sussex","32"
"AZ","Coconino","4"
"OK","Canadian","37"
"NC","Rowan","28"
"PA","Lebanon","39"
"CA","Napa","5"
"LA","Livingston","19"
"SC","Florence","41"
"TX","Taylor","44"
"TN","Wilson","43"
"CA","Humboldt","5"
"WI","Marathon","49"
"VA","Hampton","46"
"WI","Washington","49"
"OH","Clark","36"
"MN","Wright","24"
"MI","Calhoun","23"
"TX","Randall","44"
"TX","Parker","44"
"IL","Tazewell","15"
"PA","Cambria","39"
"VA","Spotsylvania","46"
"NC","Robeson","28"
"IA","Black Hawk","13"
"NC","Harnett","28"
"LA","Tangipahoa","19"
"NC","Brunswick","28"
"TX","Wichita","44"
"PA","Fayette","39"
"TX","Grayson","44"
"LA","Rapides","19"
"KY","Boone","18"
"OH","Wood","36"
"TN","Blount","43"
"IN","Madison","16"
"NH","Strafford","31"
"KY","Warren","18"
"NY","Chautauqua","35"
"TN","Washington","43"
"AR","Sebastian","3"
"NM","San Juan","33"
"LA","Bossier","19"
"MA","Berkshire","20"
"GA","Clarke","11"
"RI","Washington","40"
"IL","Kendall","15"
"AZ","Cochise","4"
"WA","Skagit","48"
"OR","Linn","38"
"FL","Sumter","10"
"NJ","Hunterdon","32"
"UT","Cache","45"
"SC","Pickens","41"
"TX","Kaufman","44"
"AR","Faulkner","3"
"NC","Wayne","28"
"TX","Gregg","44"
"PA","Blair","39"
"LA","Ascension","19"
"OK","Comanche","37"
"ME","Kennebec","22"
"OH","Richland","36"
"KS","Douglas","17"
"MO","Jasper","25"
"TX","Potter","44"
"AR","Saline","3"
"AL","Morgan","2"
"NY","Oswego","35"
"TX","Tom Green","44"
"WI","La Crosse","49"
"MT","Missoula","27"
"GA","Carroll","11"
"CT","Windham","7"
"IN","Clark","16"
"MI","Allegan","23"
"OH","Wayne","36"
"GA","Lowndes","11"
"WV","Berkeley","50"
"WI","Sheboygan","49"
"IN","Delaware","16"
"NC","Henderson","28"
"AL","Calhoun","2"
"ID","Bonneville","14"
"PA","Lycoming","39"
"NY","Jefferson","35"
"GA","Fayette","11"
"MD","St. Mary's","21"
"LA","Terrebonne","19"
"PA","Mercer","39"
"SD","Pennington","42"
"IL","Kankakee","15"
"IN","LaPorte","16"
"FL","Flagler","10"
"IL","LaSalle","15"
"NY","Ontario","35"
"MI","Eaton","23"
"AZ","Navajo","4"
"OR","Douglas","38"
"NY","St. Lawrence","35"
"KY","Hardin","18"
"GA","Newton","11"
"MT","Gallatin","27"
"ME","Androscoggin","22"
"IN","Vigo","16"
"VA","Albemarle","46"
"AR","Craighead","3"
"WA","Cowlitz","48"
"SC","Sumter","41"
"NJ","Warren","32"
"TN","Bradley","43"
"VA","Hanover","46"
"IL","Macon","15"
"WV","Monongalia","50"
"OH","Miami","36"
"AK","Matanuska-Susitna","1"
"GA","Bartow","11"
"OR","Yamhill","38"
"AL","Houston","2"
"MS","Madison","26"
"IL","DeKalb","15"
"GA","Whitfield","11"
"MI","Bay","23"
"MO","Cass","25"
"WI","Eau Claire","49"
"FL","Highlands","10"
"MO","Franklin","25"
"OH","Columbiana","36"
"OH","Allen","36"
"WI","Walworth","49"
"AL","Etowah","2"
"NY","Tompkins","35"
"WI","Fond du Lac","49"
"IA","Woodbury","13"
"MD","Cecil","21"
"MD","Wicomico","21"
"NC","Craven","28"
"PA","Adams","39"
"MN","Carver","24"
"MO","Platte","25"
"KY","Daviess","18"
"MT","Flathead","27"
"CA","Nevada","5"
"VA","Roanoke","46"
"AK","Fairbanks North Star","1"
"NY","Putnam","35"
"AR","Garland","3"
"MI","Lenawee","23"
"WY","Laramie","51"
"VA","Montgomery","46"
"LA","Lafourche","19"
"OH","Ashtabula","36"
"TN","Madison","43"
"GA","Floyd","11"
"NC","Moore","28"
"NC","Cleveland","28"
"TX","Rockwall","44"
"TN","Sevier","43"
"IA","Dubuque","13"
"IA","Story","13"
"NY","Steuben","35"
"CA","Sutter","5"
"AL","Marshall","2"
"WA","Grant","48"
"VA","Portsmouth","46"
"ND","Burleigh","29"
"AL","Limestone","2"
"MN","Sherburne","24"
"WV","Cabell","50"
"TX","Hunt","44"
"NC","Nash","28"
"OH","Geauga","36"
"VA","Roanoke","46"
"IA","Pottawattamie","13"
"TX","Bowie","44"
"NJ","Cape May","32"
"KY","Campbell","18"
"AL","Lauderdale","2"
"OH","Tuscarawas","36"
"SC","Lancaster","41"
"MI","Grand Traverse","23"
"TX","Victoria","44"
"WA","Franklin","48"
"TN","Maury","43"
"PA","Northumberland","39"
"MD","Calvert","21"
"GA","Walton","11"
"OK","Rogers","37"
"OR","Benton","38"
"NC","Rockingham","28"
"KY","Madison","18"
"NY","Wayne","35"
"VA","Suffolk","46"
"NC","Burke","28"
"NH","Grafton","31"
"GA","Rockdale","11"
"GA","Dougherty","11"
"WI","St. Croix","49"
"WI","Ozaukee","49"
"MO","Buchanan","25"
"MI","Lapeer","23"
"AL","St. Clair","2"
"WI","Dodge","49"
"SC","Orangeburg","41"
"TX","Angelina","44"
"CA","Mendocino","5"
"IA","Dallas","13"
"PA","Lawrence","39"
"VA","Frederick","46"
"OR","Josephine","38"
"OH","Muskingum","36"
"ID","Bannock","14"
"PA","Crawford","39"
"MO","Christian","25"
"MS","Lee","26"
"PA","Indiana","39"
"WV","Wood","50"
"NY","Chemung","35"
"ID","Twin Falls","14"
"WI","Jefferson","49"
"TX","Bastrop","44"
"GA","Glynn","11"
"TX","Orange","44"
"TX","Liberty","44"
"MI","Midland","23"
"LA","St. Landry","19"
"FL","Nassau","10"
"OR","Polk","38"
"NC","Lincoln","28"
"WA","Island","48"
"AL","Cullman","2"
"RI","Newport","40"
"IN","Bartholomew","16"
"IN","Howard","16"
"NC","Caldwell","28"
"OK","Payne","37"
"MT","Cascade","27"
"NC","Wilson","28"
"AL","Elmore","2"
"TX","Henderson","44"
"KS","Leavenworth","17"
"NY","Clinton","35"
"VA","Lynchburg","46"
"AL","Talladega","2"
"WY","Natrona","51"
"VA","Rockingham","46"
"KY","Bullitt","18"
"PA","Clearfield","39"
"WI","Manitowoc","49"
"IN","Kosciusko","16"
"GA","Barrow","11"
"OK","Wagoner","37"
"AR","White","3"
"MO","Cape Girardeau","25"
"MI","Clinton","23"
"VA","Bedford","46"
"WA","Lewis","48"
"IL","Vermilion","15"
"SC","Oconee","41"
"TN","Putnam","43"
"NY","Cayuga","35"
"IN","Floyd","16"
"OR","Umatilla","38"
"NY","Cattaraugus","35"
"OH","Ross","36"
"MO","Cole","25"
"CA","Yuba","5"
"MS","Lauderdale","26"
"WA","Chelan","48"
"GA","Bulloch","11"
"TN","Anderson","43"
"NH","Cheshire","31"
"OH","Scioto","36"
"NM","Valencia","33"
"OH","Hancock","36"
"FL","Monroe","10"
"WA","Clallam","48"
"MI","Van Buren","23"
"TX","Coryell","44"
"WV","Raleigh","50"
"MS","Forrest","26"
"IN","Hancock","16"
"NY","Sullivan","35"
"VA","Augusta","46"
"KS","Riley","17"
"VA","James City","46"
"OH","Erie","36"
"PA","Somerset","39"
"FL","Putnam","10"
"WI","Wood","49"
"WA","Grays Harbor","48"
"AR","Lonoke","3"
"NM","McKinley","33"
"TX","Walker","44"
"OK","Pottawatomie","37"
"NC","Surry","28"
"LA","Iberia","19"
"HI","Kauai","12"
"AZ","Apache","4"
"MD","Allegany","21"
"OK","Creek","37"
"KY","Christian","18"
"NC","Chatham","28"
"AL","DeKalb","2"
"NY","Madison","35"
"MI","Isabella","23"
"WI","Portage","49"
"MA","Franklin","20"
"SC","Greenwood","41"
"TN","Robertson","43"
"NM","Lea","33"
"ND","Grand Forks","29"
"FL","Columbia","10"
"IN","Morgan","16"
"GA","Troup","11"
"VA","Fauquier","46"
"AR","Jefferson","3"
"NC","Carteret","28"
"GA","Walker","11"
"TN","Greene","43"
"ND","Ward","29"
"OK","Muskogee","37"
"NC","Wilkes","28"
"MS","Jones","26"
"MI","Shiawassee","23"
"FL","Walton","10"
"OH","Belmont","36"
"VA","York","46"
"WV","Harrison","50"
"CO","Broomfield","6"
"GA","Jackson","11"
"ME","Aroostook","22"
"MT","Lewis and Clark","27"
"UT","Tooele","45"
"IL","Williamson","15"
"SC","Darlington","41"
"TX","San Patricio","44"
"OR","Klamath","38"
"SC","Laurens","41"
"MN","Blue Earth","24"
"GA","Catoosa","11"
"KS","Butler","17"
"MI","Marquette","23"
"MO","St. Francois","25"
"NC","Rutherford","28"
"TX","Harrison","44"
"IN","Grant","16"
"OH","Jefferson","36"
"NC","Franklin","28"
"IN","Wayne","16"
"TX","Wise","44"
"MN","Rice","24"
"NM","Otero","33"
"IL","Adams","15"
"KY","Oldham","18"
"OH","Athens","36"
"PA","Armstrong","39"
"PA","Columbia","39"
"IN","Boone","16"
"TX","Nacogdoches","44"
"GA","Spalding","11"
"OH","Marion","36"
"KY","McCracken","18"
"NM","Chaves","33"
"SC","Kershaw","41"
"KY","Pulaski","18"
"MI","Ionia","23"
"NY","Warren","35"
"MN","Crow Wing","24"
"CA","Lake","5"
"TN","Hamblen","43"
"AL","Walker","2"
"TX","Starr","44"
"WI","Sauk","49"
"CA","Tehama","5"
"WI","Chippewa","49"
"PA","Carbon","39"
"WA","Mason","48"
"AR","Pope","3"
"OR","Coos","38"
"NY","Livingston","35"
"MN","Clay","24"
"MI","Montcalm","23"
"NC","Sampson","28"
"NJ","Salem","32"
"KS","Reno","17"
"AR","Crawford","3"
"LA","Acadia","19"
"IN","Warrick","16"
"NY","Herkimer","35"
"MS","Lamar","26"
"SC","Georgetown","41"
"OK","Garfield","37"
"NY","Washington","35"
"NC","Stanly","28"
"OH","Knox","36"
"TN","Tipton","43"
"GA","Liberty","11"
"NE","Hall","30"
"VA","Pittsylvania","46"
"NC","Haywood","28"
"PA","Bradford","39"
"NH","Belknap","31"
"MI","St. Joseph","23"
"MI","Barry","23"
"NC","Lee","28"
"GA","Effingham","11"
"OH","Washington","36"
"NC","Pender","28"
"CA","San Benito","5"
"NY","Columbia","35"
"WA","Walla Walla","48"
"KY","Laurel","18"
"OH","Lawrence","36"
"NY","Otsego","35"
"WV","Mercer","50"
"LA","Vermilion","19"
"KY","Pike","18"
"NC","Granville","28"
"TN","Cumberland","43"
"MS","Lowndes","26"
"CO","Garfield","6"
"OH","Sandusky","36"
"NC","Duplin","28"
"VT","Rutland","47"
"AK","Kenai Peninsula","1"
"VT","Washington","47"
"OH","Huron","36"
"TX","Hood","44"
"MN","Otter Tail","24"
"MO","Newton","25"
"TX","Maverick","44"
"IL","Jackson","15"
"AL","Russell","2"
"TX","Anderson","44"
"NY","Genesee","35"
"OH","Pickaway","36"
"NM","Eddy","33"
"AL","Blount","2"
"ME","Oxford","22"
"GA","Gordon","11"
"WI","Columbia","49"
"SC","Cherokee","41"
"SD","Lincoln","42"
"TX","Hardin","44"
"NC","Lenoir","28"
"OH","Union","36"
"TN","Hawkins","43"
"WV","Putnam","50"
"WV","Jefferson","50"
"MO","Lincoln","25"
"TN","Carter","43"
"WV","Marion","50"
"VA","Franklin","46"
"NC","Columbus","28"
"IL","Whiteside","15"
"CO","La Plata","6"
"PA","Pike","39"
"AL","Autauga","2"
"OH","Seneca","36"
"MN","Chisago","24"
"VT","Windsor","47"
"VA","Campbell","46"
"MS","Pearl River","26"
"TN","Coffee","43"
"MO","Taney","25"
"TX","Van Zandt","44"
"OK","Grady","37"
"NC","Watauga","28"
"NV","Carson City","34"
"AL","Colbert","2"
"KS","Saline","17"
"CO","Eagle","6"
"KY","Scott","18"
"ME","Hancock","22"
"NV","Lyon","34"
"VA","Washington","46"
"CA","Tuolumne","5"
"NC","Hoke","28"
"UT","Box Elder","45"
"TX","Rusk","44"
"LA","St. Martin","19"
"MO","Johnson","25"
"TN","Jefferson","43"
"NY","Fulton","35"
"MS","Lafayette","26"
"AZ","Gila","4"
"IL","Boone","15"
"OH","Ashland","36"
"VA","Harrisonburg","46"
"GA","Camden","11"
"TN","Roane","43"
"TN","McMinn","43"
"KY","Jessamine","18"
"MI","Tuscola","23"
"LA","St. Charles","19"
"TN","Dickson","43"
"NC","Edgecombe","28"
"MO","Pulaski","25"
"TN","Loudon","43"
"NV","Elko","34"
"TX","Cherokee","44"
"OK","Washington","37"
"AL","Jackson","2"
"TX","Kerr","44"
"TX","Waller","44"
"PA","Venango","39"
"MD","Worcester","21"
"WI","Grant","49"
"AL","Coffee","2"
"MI","Cass","23"
"OH","Darke","36"
"PA","Wayne","39"
"OR","Columbia","38"
"IL","Coles","15"
"VA","Henry","46"
"WI","Waupaca","49"
"UT","Iron","45"
"NC","Halifax","28"
"VA","Culpeper","46"
"IL","Ogle","15"
"LA","St. Mary","19"
"MN","Winona","24"
"IL","Grundy","15"
"KY","Franklin","18"
"ME","Somerset","22"
"IL","Knox","15"
"NY","Franklin","35"
"IA","Warren","13"
"TX","Medina","44"
"OK","Le Flore","37"
"WI","Calumet","49"
"NM","Curry","33"
"LA","Vernon","19"
"MD","Queen Anne's","21"
"TX","Lamar","44"
"TX","Atascosa","44"
"MS","Oktibbeha","26"
"IN","Dearborn","16"
"NY","Montgomery","35"
"AL","Dale","2"
"IL","Henry","15"
"WA","Whitman","48"
"TN","Gibson","43"
"NE","Buffalo","30"
"TX","Wilson","44"
"VT","Franklin","47"
"TX","Navarro","44"
"TX","Val Verde","44"
"TX","Polk","44"
"RI","Bristol","40"
"OH","Shelby","36"
"NY","Tioga","35"
"AR","Crittenden","3"
"OK","Cherokee","37"
"OR","Lincoln","38"
"MI","Newaygo","23"
"PA","Bedford","39"
"OK","Carter","37"
"TN","Bedford","43"
"IN","Henry","16"
"NH","Carroll","31"
"NV","Douglas","34"
"FL","Jackson","10"
"NY","Chenango","35"
"NY","Cortland","35"
"KY","Boyd","18"
"IN","Noble","16"
"NY","Greene","35"
"WY","Campbell","51"
"GA","Laurens","11"
"KY","Shelby","18"
"CO","Fremont","6"
"LA","Lincoln","19"
"OK","Osage","37"
"NC","Beaufort","28"
"VA","Charlottesville","46"
"MS","Hancock","26"
"IA","Clinton","13"
"NY","Allegany","35"
"OK","Logan","37"
"TX","Burnet","44"
"MS","Warren","26"
"AZ","Santa Cruz","4"
"IN","Marshall","16"
"OK","Bryan","37"
"LA","Washington","19"
"MN","Beltrami","24"
"PA","Mifflin","39"
"LA","St. Bernard","19"
"MN","Goodhue","24"
"TN","Monroe","43"
"MS","Washington","26"
"PA","Perry","39"
"SC","Chesterfield","41"
"FL","Gadsden","10"
"WA","Kittitas","48"
"ID","Bingham","14"
"KY","Henderson","18"
"NC","Stokes","28"
"WI","Monroe","49"
"MI","Hillsdale","23"
"OH","Auglaize","36"
"KY","Nelson","18"
"IN","Lawrence","16"
"CA","Calaveras","5"
"GA","Colquitt","11"
"MO","Camden","25"
"IL","Macoupin","15"
"PA","Huntingdon","39"
"KY","Hopkins","18"
"OH","Logan","36"
"WI","Barron","49"
"NC","McDowell","28"
"MN","Itasca","24"
"GA","Baldwin","11"
"PA","Union","39"
"IL","Stephenson","15"
"NC","Richmond","28"
"NY","Delaware","35"
"AR","Greene","3"
"MO","Callaway","25"
"WI","Dunn","49"
"WA","Stevens","48"
"GA","Thomas","11"
"MO","Phelps","25"
"GA","Habersham","11"
"NC","Vance","28"
"IN","Shelby","16"
"OK","Kay","37"
"NV","Nye","34"
"TX","Wood","44"
"OK","Pittsburg","37"
"OH","Madison","36"
"AL","Chilton","2"
"FL","Suwannee","10"
"IN","Jackson","16"
"OH","Holmes","36"
"KY","Barren","18"
"PA","Jefferson","39"
"TX","Kendall","44"
"OK","Stephens","37"
"ID","Bonner","14"
"WV","Fayette","50"
"AR","Miller","3"
"OH","Brown","36"
"WY","Sweetwater","51"
"MI","Branch","23"
"CA","Siskiyou","5"
"WI","Polk","49"
"TN","Lawrence","43"
"WI","Douglas","49"
"MI","Mecosta","23"
"LA","St. John the Baptist","19"
"VA","Shenandoah","46"
"NH","Sullivan","31"
"GA","Coffee","11"
"OH","Highland","36"
"NC","Jackson","28"
"IN","DeKalb","16"
"IA","Muscatine","13"
"MN","Kandiyohi","24"
"IA","Cerro Gordo","13"
"VT","Windham","47"
"MO","Butler","25"
"IN","Dubois","16"
"MT","Ravalli","27"
"OK","Delaware","37"
"MO","Pettis","25"
"NC","Davie","28"
"OH","Fulton","36"
"TX","Caldwell","44"
"WV","Ohio","50"
"AR","Mississippi","3"
"WA","Douglas","48"
"WI","Pierce","49"
"OH","Clinton","36"
"GA","Polk","11"
"WA","Okanogan","48"
"TX","Erath","44"
"OH","Crawford","36"
"TN","Franklin","43"
"OK","Sequoyah","37"
"CO","Montrose","6"
"VA","Tazewell","46"
"TX","Wharton","44"
"AR","Baxter","3"
"PA","McKean","39"
"TX","Chambers","44"
"MI","Sanilac","23"
"VA","Manassas","46"
"FL","Okeechobee","10"
"UT","Summit","45"
"OH","Preble","36"
"VA","Danville","46"
"OK","Mayes","37"
"TX","Upshur","44"
"TX","Jim Wells","44"
"PA","Susquehanna","39"
"PA","Tioga","39"
"MI","Gratiot","23"
"NY","Orleans","35"
"WI","Shawano","49"
"OH","Mercer","36"
"FL","Hendry","10"
"TN","Warren","43"
"LA","Avoyelles","19"
"OH","Ottawa","36"
"AL","Tallapoosa","2"
"GA","Tift","11"
"PA","Snyder","39"
"FL","Levy","10"
"WI","Marinette","49"
"NY","Wyoming","35"
"WV","Wayne","50"
"ID","Nez Perce","14"
"TN","Cheatham","43"
"TN","Fayette","43"
"MN","Benton","24"
"MO","Howell","25"
"TX","Cooke","44"
"IA","Marshall","13"
"IN","Harrison","16"
"WY","Fremont","51"
"MN","Mower","24"
"TN","Campbell","43"
"ME","Knox","22"
"PA","Warren","39"
"GA","Murray","11"
"ME","Waldo","22"
"MS","Pike","26"
"NC","Pasquotank","28"
"ID","Latah","14"
"VA","Warren","46"
"AR","Union","3"
"MN","Isanti","24"
"IA","Des Moines","13"
"NC","Person","28"
"OK","McClain","37"
"LA","Webster","19"
"IN","LaGrange","16"
"NM","Rio Arriba","33"
"AL","Dallas","2"
"OH","Guernsey","36"
"OR","Clatsop","38"
"ID","Madison","14"
"KS","Crawford","17"
"IL","Franklin","15"
"SD","Brown","42"
"PA","Clinton","39"
"OH","Champaign","36"
"KY","Calloway","18"
"LA","Natchitoches","19"
"OK","Okmulgee","37"
"PA","Clarion","39"
"IL","Woodford","15"
"MO","Webster","25"
"MO","Scott","25"
"VA","Wise","46"
"CA","Amador","5"
"WY","Albany","51"
"OK","Pontotoc","37"
"IN","Montgomery","16"
"MO","Lawrence","25"
"SC","Newberry","41"
"OH","Defiance","36"
"GA","Oconee","11"
"VA","Prince George","46"
"AZ","Graham","4"
"IL","Jefferson","15"
"IN","Cass","16"
"TX","Brown","44"
"IL","Marion","15"
"WI","Oconto","49"
"IL","Clinton","15"
"MI","Chippewa","23"
"NC","Yadkin","28"
"SC","Colleton","41"
"MN","Douglas","24"
"NY","Essex","35"
"AR","Independence","3"
"TN","Dyer","43"
"IN","Putnam","16"
"AR","Boone","3"
"KY","Graves","18"
"VA","Gloucester","46"
"NC","Alexander","28"
"AL","Covington","2"
"MD","Talbot","21"
"MS","Alcorn","26"
"IN","Knox","16"
"GA","Bryan","11"
"AL","Escambia","2"
"LA","Beauregard","19"
"IA","Jasper","13"
"FL","DeSoto","10"
"WI","Green","49"
"VT","Addison","47"
"PA","Greene","39"
"OH","Williams","36"
"TX","Matagorda","44"
"KS","Finney","17"
"MN","Steele","24"
"NE","Dodge","30"
"VA","Isle of Wight","46"
"OH","Coshocton","36"
"IA","Webster","13"
"TX","Hopkins","44"
"KY","Floyd","18"
"IN","Huntington","16"
"TX","Howard","44"
"NC","Dare","28"
"KY","Whitley","18"
"UT","Uintah","45"
"NE","Scotts Bluff","30"
"MI","Houghton","23"
"VA","Louisa","46"
"IL","Livingston","15"
"MI","Delta","23"
"OH","Perry","36"
"VA","Orange","46"
"KY","Clark","18"
"MN","McLeod","24"
"IN","Miami","16"
"VT","Bennington","47"
"TX","Hill","44"
"MS","Monroe","26"
"MN","Carlton","24"
"MS","Marshall","26"
"GA","Ware","11"
"KY","Greenup","18"
"TN","Cocke","43"
"MO","Laclede","25"
"MO","Barry","25"
"TX","Jasper","44"
"ME","Sagadahoc","22"
"WI","Oneida","49"
"IN","Adams","16"
"KS","Cowley","17"
"NE","Lincoln","30"
"ND","Williams","29"
"TX","Washington","44"
"WV","Greenbrier","50"
"IA","Wapello","13"
"IL","Fulton","15"
"NE","Madison","30"
"NC","Scotland","28"
"OH","Morrow","36"
"OK","Lincoln","37"
"IA","Sioux","13"
"NC","Macon","28"
"MT","Silver Bow","27"
"SD","Brookings","42"
"WI","Clark","49"
"VA","Halifax","46"
"TX","Fannin","44"
"KS","Harvey","17"
"IN","Steuben","16"
"MO","Warren","25"
"NY","Seneca","35"
"IL","Lee","15"
"MS","Lincoln","26"
"IL","Morgan","15"
"IA","Lee","13"
"ME","Lincoln","22"
"MS","Panola","26"
"VA","Pulaski","46"
"KS","Ford","17"
"IL","Monroe","15"
"IL","Effingham","15"
"GA","Harris","11"
"KS","Geary","17"
"MN","Becker","24"
"SC","Clarendon","41"
"MN","Nicollet","24"
"TN","Lincoln","43"
"OH","Putnam","36"
"TX","Hale","44"
"NC","Transylvania","28"
"IN","Whitley","16"
"WV","Preston","50"
"AL","Chambers","2"
"IN","Gibson","16"
"AR","Hot Spring","3"
"LA","Evangeline","19"
"TN","Weakley","43"
"IN","Jasper","16"
"KS","Miami","17"
"NC","Bladen","28"
"VA","Botetourt","46"
"AL","Pike","2"
"MI","Wexford","23"
"KS","Lyon","17"
"NE","Platte","30"
"IA","Marion","13"
"WV","Logan","50"
"IL","Bureau","15"
"IN","Daviess","16"
"MI","Emmet","23"
"MN","Morrison","24"
"AL","Lawrence","2"
"MD","Caroline","21"
"OK","McCurtain","37"
"TN","Marshall","43"
"IL","Christian","15"
"LA","Iberville","19"
"NM","Taos","33"
"TN","Rhea","43"
"VA","Accomack","46"
"TX","Titus","44"
"TX","Bee","44"
"MO","Lafayette","25"
"KS","Montgomery","17"
"OH","Jackson","36"
"GA","Lumpkin","11"
"FL","Wakulla","10"
"SC","Chester","41"
"IL","Randolph","15"
"TN","Henry","43"
"IN","Clinton","16"
"AK","Juneau","1"
"IN","Jefferson","16"
"IN","Greene","16"
"MD","Dorchester","21"
"MS","Bolivar","26"
"VA","Amherst","46"
"MO","Polk","25"
"NH","Coos","31"
"TN","Claiborne","43"
"UT","Wasatch","45"
"MS","Pontotoc","26"
"MO","Stone","25"
"NE","Adams","30"
"MN","Polk","24"
"ME","Washington","22"
"AL","Franklin","2"
"OK","Ottawa","37"
"LA","Jefferson Davis","19"
"OH","Hardin","36"
"IN","Wabash","16"
"GA","Pickens","11"
"KY","Knox","18"
"VA","Petersburg","46"
"MI","Huron","23"
"SC","Williamsburg","41"
"SC","Marion","41"
"WV","Marshall","50"
"WA","Jefferson","48"
"MS","Adams","26"
"NY","Schoharie","35"
"KY","Marshall","18"
"ND","Stark","29"
"TX","Kleberg","44"
"KY","Muhlenberg","18"
"ND","Morton","29"
"CA","Lassen","5"
"VA","Smyth","46"
"VA","Mecklenburg","46"
"SC","Dillon","41"
"MI","Clare","23"
"CO","Summit","6"
"WI","Vernon","49"
"CO","Delta","6"
"IL","McDonough","15"
"MN","Freeborn","24"
"GA","Gilmer","11"
"OR","Malheur","38"
"VA","Caroline","46"
"TN","Obion","43"
"PA","Elk","39"
"VT","Caledonia","47"
"WY","Sheridan","51"
"OH","Gallia","36"
"GA","Sumter","11"
"TX","Cass","44"
"MO","Dunklin","25"
"MT","Lake","27"
"ME","Franklin","22"
"KY","Boyle","18"
"AL","Marion","2"
"UT","Sanpete","45"
"VA","Carroll","46"
"GA","Wayne","11"
"TX","Austin","44"
"GA","Lee","11"
"WI","Trempealeau","49"
"GA","White","11"
"WV","Hancock","50"
"MO","Stoddard","25"
"MS","Neshoba","26"
"TN","Giles","43"
"MN","Cass","24"
"OK","Caddo","37"
"MD","Garrett","21"
"GA","Haralson","11"
"MN","Pine","24"
"MS","Leflore","26"
"GA","Madison","11"
"OK","Custer","37"
"WY","Park","51"
"IL","Logan","15"
"MI","Mason","23"
"WV","Randolph","50"
"VT","Orange","47"
"WV","Jackson","50"
"VA","Wythe","46"
"IL","Montgomery","15"
"VA","Powhatan","46"
"KS","Ellis","17"
"SC","Jasper","41"
"VA","Fredericksburg","46"
"OH","Fayette","36"
"MO","Marion","25"
"GA","Jones","11"
"KS","McPherson","17"
"MS","Yazoo","26"
"TX","Palo Pinto","44"
"TN","Marion","43"
"ID","Jefferson","14"
"MI","Alpena","23"
"CO","Morgan","6"
"MS","Union","26"
"MS","Copiah","26"
"VA","Dinwiddie","46"
"MS","Tate","26"
"IN","Ripley","16"
"OH","Hocking","36"
"MS","Scott","26"
"OH","Van Wert","36"
"MN","Le Sueur","24"
"FL","Baker","10"
"KY","Meade","18"
"TX","San Jacinto","44"
"SD","Codington","42"
"IN","Wells","16"
"OH","Pike","36"
"TX","Grimes","44"
"TN","Henderson","43"
"CA","Glenn","5"
"NC","Cherokee","28"
"AR","Carroll","3"
"VA","Winchester","46"
"TN","Carroll","43"
"KY","Montgomery","18"
"IN","Washington","16"
"OK","Garvin","37"
"IL","Iroquois","15"
"OH","Adams","36"
"WI","Lincoln","49"
"NM","San Miguel","33"
"SD","Meade","42"
"IN","Jennings","16"
"NM","Grant","33"
"CA","Del Norte","5"
"SC","Union","41"
"WI","Door","49"
"OH","Carroll","36"
"PA","Wyoming","39"
"FL","Bradford","10"
"LA","De Soto","19"
"NC","Montgomery","28"
"OH","Henry","36"
"GA","Monroe","11"
"WV","Mineral","50"
"KY","Carter","18"
"GA","Peach","11"
"VA","Russell","46"
"FL","Hardee","10"
"GA","Toombs","11"
"SC","Edgefield","41"
"TX","Uvalde","44"
"KY","Logan","18"
"VT","Orleans","47"
"NM","Cibola","33"
"MS","Simpson","26"
"NC","Ashe","28"
"WV","Mason","50"
"TN","White","43"
"KY","Bell","18"
"SC","Marlboro","41"
"ID","Elmore","14"
"KY","Harlan","18"
"GA","Decatur","11"
"KY","Perry","18"
"VA","Fluvanna","46"
"NY","Lewis","35"
"IN","Decatur","16"
"WI","Juneau","49"
"TX","Gillespie","44"
"KS","Barton","17"
"AL","Geneva","2"
"MI","Oceana","23"
"OR","Tillamook","38"
"AR","Johnson","3"
"IA","Boone","13"
"NC","Currituck","28"
"OR","Union","38"
"KY","Woodford","18"
"KY","Grayson","18"
"GA","Upson","11"
"IN","Clay","16"
"VA","King George","46"
"MI","Charlevoix","23"
"MS","Sunflower","26"
"OR","Wasco","38"
"LA","West Baton Rouge","19"
"CO","Montezuma","6"
"TN","Lauderdale","43"
"AL","Cherokee","2"
"AR","St. Francis","3"
"NE","Cass","30"
"MN","Mille Lacs","24"
"TN","McNairy","43"
"GA","Hart","11"
"MN","Lyon","24"
"GA","Stephens","11"
"MD","Somerset","21"
"CO","Elbert","6"
"TN","Hardin","43"
"MO","Audrain","25"
"IA","Benton","13"
"LA","Allen","19"
"LA","Morehouse","19"
"MO","Texas","25"
"KY","Taylor","18"
"IN","Posey","16"
"KS","Franklin","17"
"SD","Lawrence","42"
"TN","Hardeman","43"
"MI","Dickinson","23"
"MI","Cheboygan","23"
"GA","Fannin","11"
"GA","Tattnall","11"
"MO","Adair","25"
"AL","Barbour","2"
"TX","Shelby","44"
"VT","Lamoille","47"
"VA","Salem","46"
"MI","Gladwin","23"
"MS","Prentiss","26"
"MO","Miller","25"
"MI","Iosco","23"
"MN","Brown","24"
"TX","Fayette","44"
"AR","Cleburne","3"
"WV","Nicholas","50"
"CO","Routt","6"
"IA","Plymouth","13"
"OK","Jackson","37"
"NY","Yates","35"
"MS","Marion","26"
"KY","Grant","18"
"IN","Randolph","16"
"NC","Anson","28"
"MO","Randolph","25"
"IA","Bremer","13"
"MO","Washington","25"
"OK","Seminole","37"
"GA","Grady","11"
"TN","Hickman","43"
"GA","Chattooga","11"
"TX","Milam","44"
"FL","Washington","10"
"SC","Abbeville","41"
"PA","Juniata","39"
"GA","Dawson","11"
"CO","Teller","6"
"KY","Rowan","18"
"WV","Upshur","50"
"MN","Todd","24"
"MI","Otsego","23"
"KY","Lincoln","18"
"TX","Aransas","44"
"MI","Manistee","23"
"VA","Staunton","46"
"WV","Mingo","50"
"NV","Churchill","34"
"WI","Waushara","49"
"MO","Crawford","25"
"IN","White","16"
"AL","Clarke","2"
"GA","Butts","11"
"NM","Luna","33"
"KY","Ohio","18"
"NC","Hertford","28"
"IL","Saline","15"
"LA","Sabine","19"
"VA","Lee","46"
"MS","George","26"
"AR","Poinsett","3"
"MI","Roscommon","23"
"KS","Pottawatomie","17"
"TN","Macon","43"
"AR","Ouachita","3"
"VA","Page","46"
"AL","Winston","2"
"AR","Columbia","3"
"IN","Scott","16"
"NE","Dawson","30"
"ID","Jerome","14"
"ID","Cassia","14"
"WI","Iowa","49"
"OR","Jefferson","38"
"VA","Fairfax","46"
"MS","Itawamba","26"
"TX","Limestone","44"
"LA","Plaquemines","19"
"TX","Panola","44"
"WV","Hampshire","50"
"MI","Osceola","23"
"GA","Union","11"
"WY","Teton","51"
"ID","Payette","14"
"MS","Coahoma","26"
"OR","Hood River","38"
"MI","Antrim","23"
"IN","Fayette","16"
"KS","Sumner","17"
"MN","Meeker","24"
"TN","Grainger","43"
"OH","Meigs","36"
"MI","Menominee","23"
"TX","Hockley","44"
"OR","Crook","38"
"MO","Saline","25"
"TX","Houston","44"
"IN","Starke","16"
"VA","Prince Edward","46"
"MO","Ray","25"
"VA","Goochland","46"
"NC","Martin","28"
"MS","Leake","26"
"MO","McDonald","25"
"IN","Franklin","16"
"GA","Franklin","11"
"SD","Yankton","42"
"GA","Crisp","11"
"NC","Caswell","28"
"OR","Curry","38"
"AL","Randolph","2"
"KY","Johnson","18"
"VA","Rockbridge","46"
"SC","Fairfield","41"
"GA","Emanuel","11"
"GA","Burke","11"
"AL","Bibb","2"
"LA","Assumption","19"
"WV","Brooke","50"
"VA","Hopewell","46"
"WA","Asotin","48"
"TX","Gray","44"
"KY","Anderson","18"
"AR","Clark","3"
"CO","Logan","6"
"ID","Blaine","14"
"WV","Boone","50"
"MO","Nodaway","25"
"LA","Union","19"
"KS","Seward","17"
"LA","Grant","19"
"KY","Letcher","18"
"OK","Beckham","37"
"GA","Mitchell","11"
"OK","Adair","37"
"TX","Bandera","44"
"IA","Mahaska","13"
"VA","Waynesboro","46"
"IA","Washington","13"
"TN","Overton","43"
"MS","Tippah","26"
"LA","Pointe Coupee","19"
"OH","Wyandot","36"
"TN","Scott","43"
"IL","Jersey","15"
"VA","Scott","46"
"FL","Taylor","10"
"AR","Hempstead","3"
"VA","Buchanan","46"
"WI","Vilas","49"
"IL","Shelby","15"
"MO","Henry","25"
"MN","Nobles","24"
"WA","Klickitat","48"
"GA","Putnam","11"
"WA","Pacific","48"
"VA","New Kent","46"
"TX","Calhoun","44"
"AR","Logan","3"
"MI","Leelanau","23"
"NE","Gage","30"
"KY","Mercer","18"
"TX","Willacy","44"
"IL","Jo Daviess","15"
"IL","Fayette","15"
"TN","Morgan","43"
"MN","Wabasha","24"
"TX","Tyler","44"
"NC","Madison","28"
"AR","Yell","3"
"GA","McDuffie","11"
"CA","Colusa","5"
"TX","Moore","44"
"MS","Newton","26"
"SC","Barnwell","41"
"TX","Hutchinson","44"
"LA","St. James","19"
"WV","Wyoming","50"
"UT","Sevier","45"
"AL","Monroe","2"
"IL","Perry","15"
"TX","Colorado","44"
"NE","Saunders","30"
"IA","Buchanan","13"
"GA","Meriwether","11"
"MS","Grenada","26"
"TX","Llano","44"
"NC","Greene","28"
"MN","Hubbard","24"
"ND","Stutsman","29"
"MN","Fillmore","24"
"KY","Allen","18"
"MI","Ogemaw","23"
"TX","Lampasas","44"
"AR","Conway","3"
"WV","Lincoln","50"
"IN","Jay","16"
"IN","Owen","16"
"GA","Dodge","11"
"OK","Texas","37"
"AZ","La Paz","4"
"TX","Gonzales","44"
"IN","Sullivan","16"
"OK","Woodward","37"
"TX","Gaines","44"
"ID","Minidoka","14"
"MN","Dodge","24"
"MO","Vernon","25"
"IA","Jones","13"
"NC","Polk","28"
"KY","Wayne","18"
"WI","Jackson","49"
"MO","Clinton","25"
"GA","Worth","11"
"WY","Uinta","51"
"IN","Spencer","16"
"GA","Washington","11"
"WI","Kewaunee","49"
"MS","Wayne","26"
"KY","Clay","18"
"NE","Washington","30"
"LA","Richland","19"
"TX","DeWitt","44"
"WI","Taylor","49"
"UT","Carbon","45"
"SC","Saluda","41"
"IA","Carroll","13"
"MO","Morgan","25"
"AR","Ashley","3"
"IA","Winneshiek","13"
"AL","Pickens","2"
"LA","Franklin","19"
"KS","Cherokee","17"
"KY","Breckinridge","18"
"NE","Dakota","30"
"UT","Duchesne","45"
"KS","Labette","17"
"IN","Fulton","16"
"WI","Adams","49"
"AR","Polk","3"
"IN","Carroll","16"
"IA","Buena Vista","13"
"KY","Bourbon","18"
"TX","Lavaca","44"
"NC","Northampton","28"
"TX","Jones","44"
"IA","Henry","13"
"NC","Warren","28"
"TX","Frio","44"
"SD","Davison","42"
"MN","Martin","24"
"TN","DeKalb","43"
"AL","Butler","2"
"IA","Fayette","13"
"LA","Concordia","19"
"TN","Smith","43"
"OK","McIntosh","37"
"TX","Freestone","44"
"MS","Clay","26"
"IL","Douglas","15"
"WA","Adams","48"
"SC","Hampton","41"
"CO","Chaffee","6"
"IN","Orange","16"
"MT","Lincoln","27"
"MD","Kent","21"
"VA","Greene","46"
"TX","Montague","44"
"TN","Union","43"
"NM","Lincoln","33"
"MS","Tishomingo","26"
"FL","Holmes","10"
"IA","Jackson","13"
"NC","Bertie","28"
"LA","East Feliciana","19"
"AL","Marengo","2"
"WY","Lincoln","51"
"GA","Pierce","11"
"KY","Marion","18"
"KY","Adair","18"
"MO","Perry","25"
"GA","Elbert","11"
"GA","Berrien","11"
"WI","Langlade","49"
"MO","Benton","25"
"IN","Perry","16"
"MS","Covington","26"
"IL","Crawford","15"
"KS","Jefferson","17"
"NM","Roosevelt","33"
"KS","Dickinson","17"
"OH","Paulding","36"
"GA","Brantley","11"
"WI","Green Lake","49"
"MN","Waseca","24"
"TX","Deaf Smith","44"
"KY","Hart","18"
"KY","Harrison","18"
"AL","Macon","2"
"GA","Banks","11"
"GA","Long","11"
"KY","Spencer","18"
"GA","Lamar","11"
"WV","McDowell","50"
"CA","Plumas","5"
"MN","Houston","24"
"NM","Los Alamos","33"
"AR","Phillips","3"
"GA","Morgan","11"
"FL","Madison","10"
"IA","Cedar","13"
"MO","Pike","25"
"GA","Appling","11"
"MS","Attala","26"
"TN","Humphreys","43"
"AR","Drew","3"
"IA","Poweshiek","13"
"SD","Beadle","42"
"GA","Pike","11"
"TX","Bosque","44"
"CO","Otero","6"
"MS","Stone","26"
"TX","Eastland","44"
"PA","Montour","39"
"MS","Winston","26"
"TN","Fentress","43"
"MO","Wright","25"
"KY","Simpson","18"
"IA","Jefferson","13"
"AK","Bethel","1"
"AR","Grant","3"
"TX","Burleson","44"
"TX","Young","44"
"TX","Andrews","44"
"IL","Hancock","15"
"CA","Inyo","5"
"FL","Gilchrist","10"
"CO","Pitkin","6"
"NY","Schuyler","35"
"AR","Arkansas","3"
"VA","Southampton","46"
"CO","Park","6"
"MO","Ste. Genevieve","25"
"TN","Unicoi","43"
"KY","Russell","18"
"NC","Yancey","28"
"TN","Johnson","43"
"VA","Westmoreland","46"
"VA","Patrick","46"
"AR","Franklin","3"
"MS","Holmes","26"
"WV","Morgan","50"
"AR","Randolph","3"
"VA","Radford","46"
"MO","Cooper","25"
"IA","Clayton","13"
"TN","Haywood","43"
"MI","Benzie","23"
"SD","Hughes","42"
"MI","Kalkaska","23"
"MO","New Madrid","25"
"NC","Avery","28"
"MO","Andrew","25"
"KY","McCreary","18"
"WI","Richland","49"
"KY","Garrard","18"
"VA","Colonial Heights","46"
"CA","Mariposa","5"
"IL","Edgar","15"
"SC","Lee","41"
"GA","Greene","11"
"ID","Gem","14"
"MA","Dukes","20"
"TX","Falls","44"
"TX","Leon","44"
"MS","Chickasaw","26"
"TN","Chester","43"
"IA","Delaware","13"
"GA","Cook","11"
"NE","Seward","30"
"IL","Warren","15"
"AR","Sharp","3"
"AL","Henry","2"
"IA","Dickinson","13"
"KY","Mason","18"
"TX","Scurry","44"
"AR","Sevier","3"
"IA","Hardin","13"
"VA","Buckingham","46"
"TX","Lee","44"
"IA","Crawford","13"
"GA","Ben Hill","11"
"IA","Tama","13"
"AR","Jackson","3"
"TX","Robertson","44"
"VA","Manassas Park","46"
"IL","Union","15"
"IN","Parke","16"
"VA","Bristol","46"
"WV","Taylor","50"
"NM","Socorro","33"
"ME","Piscataquis","22"
"NV","Humboldt","34"
"AR","Cross","3"
"KY","Rockcastle","18"
"TN","Polk","43"
"PA","Potter","39"
"CO","Gunnison","6"
"WA","San Juan","48"
"VA","Giles","46"
"WI","Lafayette","49"
"TN","Wayne","43"
"VA","King William","46"
"MO","Pemiscot","25"
"GA","Rabun","11"
"AR","Van Buren","3"
"IN","Rush","16"
"WV","Barbour","50"
"MO","Dallas","25"
"FL","Dixie","10"
"IL","Bond","15"
"AR","Lawrence","3"
"AL","Washington","2"
"VA","Brunswick","46"
"OK","Marshall","37"
"MS","Jasper","26"
"AL","Fayette","2"
"AR","Marion","3"
"MT","Hill","27"
"IN","Fountain","16"
"OK","Pawnee","37"
"ID","Idaho","14"
"IL","Wayne","15"
"IL","Piatt","15"
"WI","Sawyer","49"
"MT","Park","27"
"MO","Bates","25"
"KS","Atchison","17"
"ND","Richland","29"
"WI","Crawford","49"
"IA","Clay","13"
"AR","Madison","3"
"GA","Dade","11"
"IA","Iowa","13"
"WV","Lewis","50"
"TN","Benton","43"
"KS","Neosho","17"
"CO","Alamosa","6"
"MN","Kanabec","24"
"MO","Moniteau","25"
"GA","Telfair","11"
"IL","Lawrence","15"
"OR","Baker","38"
"IA","Madison","13"
"MS","Smith","26"
"LA","Claiborne","19"
"NE","Otoe","30"
"IL","De Witt","15"
"KY","Henry","18"
"KY","Casey","18"
"KS","Osage","17"
"LA","Jackson","19"
"MN","Aitkin","24"
"TX","Pecos","44"
"IA","Floyd","13"
"MS","Clarke","26"
"IL","Richland","15"
"VA","Grayson","46"
"IL","Clark","15"
"VA","Appomattox","46"
"VA","Floyd","46"
"OK","Kingfisher","37"
"WI","Washburn","49"
"IL","Pike","15"
"KY","Lawrence","18"
"GA","Jefferson","11"
"WI","Ashland","49"
"GA","Brooks","11"
"IL","Mercer","15"
"FL","Gulf","10"
"MO","Dent","25"
"TX","Karnes","44"
"IN","Vermillion","16"
"NM","Torrance","33"
"TX","Reeves","44"
"WV","Wetzel","50"
"VA","Nottoway","46"
"LA","West Feliciana","19"
"SD","Union","42"
"MN","Roseau","24"
"WI","Marquette","49"
"CO","Grand","6"
"FL","Union","10"
"UT","San Juan","45"
"WI","Burnett","49"
"IA","Page","13"
"MN","Redwood","24"
"KY","Knott","18"
"WY","Carbon","51"
"OH","Harrison","36"
"MO","Macon","25"
"IN","Tipton","16"
"VA","Alleghany","46"
"ID","Gooding","14"
"MO","Livingston","25"
"MI","Arenac","23"
"IN","Brown","16"
"MI","Gogebic","23"
"GA","Jeff Davis","11"
"IA","Mills","13"
"MI","Missaukee","23"
"NC","Mitchell","28"
"IA","Hamilton","13"
"WI","Bayfield","49"
"IA","Kossuth","13"
"LA","LaSalle","19"
"GA","Oglethorpe","11"
"VA","Williamsburg","46"
"AL","Cleburne","2"
"TX","Nolan","44"
"MN","Sibley","24"
"AR","Clay","3"
"TN","Bledsoe","43"
"VA","Nelson","46"
"TX","Jackson","44"
"TN","Sequatchie","43"
"AL","Hale","2"
"OK","Choctaw","37"
"VA","Dickenson","46"
"MO","Gasconade","25"
"SC","Calhoun","41"
"MN","Renville","24"
"IL","Moultrie","15"
"OH","Morgan","36"
"KY","Union","18"
"IA","Butler","13"
"TX","Trinity","44"
"KS","Bourbon","17"
"KY","Pendleton","18"
"KY","Fleming","18"
"ND","Rolette","29"
"PA","Fulton","39"
"MS","Calhoun","26"
"MS","Walthall","26"
"IL","Carroll","15"
"KY","Trigg","18"
"VA","Clarke","46"
"OH","Noble","36"
"TN","Crockett","43"
"OK","Craig","37"
"SC","Bamberg","41"
"FL","Calhoun","10"
"SD","Oglala Lakota","42"
"FL","Hamilton","10"
"LA","Winn","19"
"CA","Mono","5"
"TX","Zapata","44"
"NE","Saline","30"
"CO","Las Animas","6"
"NC","Swain","28"
"KY","Estill","18"
"IL","Massac","15"
"KY","Larue","18"
"TX","Madison","44"
"WV","Braxton","50"
"MN","Pennington","24"
"TN","Cannon","43"
"GA","McIntosh","11"
"FL","Jefferson","10"
"MS","Tallahatchie","26"
"WI","Rusk","49"
"VA","Falls Church","46"
"NC","Chowan","28"
"IA","Harrison","13"
"IL","Washington","15"
"MO","Cedar","25"
"WV","Roane","50"
"IN","Newton","16"
"GA","Screven","11"
"SD","Clay","42"
"OK","Murray","37"
"OH","Monroe","36"
"WY","Converse","51"
"GA","Jasper","11"
"TX","Newton","44"
"MI","Crawford","23"
"AL","Lamar","2"
"IL","White","15"
"TX","Callahan","44"
"AL","Crenshaw","2"
"IA","O'Brien","13"
"OK","Atoka","37"
"IA","Allamakee","13"
"WV","Hardy","50"
"MN","Faribault","24"
"AK","Ketchikan Gateway","1"
"NE","York","30"
"GA","Dooly","11"
"MT","Glacier","27"
"MN","Wadena","24"
"MS","Greene","26"
"IL","Mason","15"
"MO","Osage","25"
"MO","Mississippi","25"
"AR","Izard","3"
"MO","Ripley","25"
"LA","Bienville","19"
"TX","Comanche","44"
"FL","Glades","10"
"ID","Franklin","14"
"AR","Lincoln","3"
"AK","Kodiak Island","1"
"NC","Perquimans","28"
"TN","Stewart","43"
"KY","Lewis","18"
"WI","Price","49"
"WV","Monroe","50"
"MT","Big Horn","27"
"WA","Pend Oreille","48"
"OK","Hughes","37"
"KY","Jackson","18"
"TN","Grundy","43"
"WY","Goshen","51"
"AL","Clay","2"
"ND","McKenzie","29"
"AR","Howard","3"
"MO","Douglas","25"
"GA","Macon","11"
"KY","Morgan","18"
"IL","Clay","15"
"IL","Ford","15"
"KS","Jackson","17"
"CO","Archuleta","6"
"MO","Wayne","25"
"VA","Madison","46"
"IL","Greene","15"
"CO","Moffat","6"
"WI","Buffalo","49"
"TX","Lamb","44"
"IA","Cass","13"
"OH","Vinton","36"
"KY","Webster","18"
"GA","Charlton","11"
"ID","Fremont","14"
"KY","Breathitt","18"
"VA","Amelia","46"
"AL","Choctaw","2"
"TX","Camp","44"
"UT","Millard","45"
"VA","Martinsville","46"
"WV","Summers","50"
"TX","Wilbarger","44"
"TX","Dawson","44"
"GA","Bleckley","11"
"AL","Sumter","2"
"KY","Butler","18"
"IA","Wright","13"
"SD","Lake","42"
"MI","Presque Isle","23"
"KY","Caldwell","18"
"NC","Pamlico","28"
"CA","Trinity","5"
"OK","Haskell","37"
"MS","Lawrence","26"
"ID","Shoshone","14"
"IN","Pulaski","16"
"KS","Allen","17"
"TX","Terry","44"
"MO","DeKalb","25"
"MN","Koochiching","24"
"IL","Johnson","15"
"IL","Cass","15"
"KY","Magoffin","18"
"AR","Stone","3"
"IA","Appanoose","13"
"MS","Amite","26"
"AL","Conecuh","2"
"IN","Pike","16"
"TX","Morris","44"
"MS","Yalobusha","26"
"IA","Union","13"
"KY","Bath","18"
"AR","Little River","3"
"GA","Crawford","11"
"KY","Todd","18"
"IL","Menard","15"
"KY","Powell","18"
"IA","Grundy","13"
"VA","Lunenburg","46"
"AR","Fulton","3"
"MO","Bollinger","25"
"VA","Northumberland","46"
"MO","Madison","25"
"TX","Red River","44"
"NM","Colfax","33"
"TX","Live Oak","44"
"KY","Edmonson","18"
"MO","Linn","25"
"TN","Meigs","43"
"VA","Poquoson","46"
"OK","Okfuskee","37"
"VA","Charlotte","46"
"TX","Zavala","44"
"TN","Lewis","43"
"IA","Chickasaw","13"
"KY","Washington","18"
"CO","Prowers","6"
"IN","Blackford","16"
"MS","Perry","26"
"KS","Marion","17"
"MN","Chippewa","24"
"NC","Washington","28"
"MT","Jefferson","27"
"VA","Northampton","46"
"WY","Big Horn","51"
"MI","Lake","23"
"ID","Boundary","14"
"FL","Franklin","10"
"MO","Barton","25"
"IA","Lyon","13"
"TX","Rains","44"
"WA","Skamania","48"
"GA","Heard","11"
"MT","Custer","27"
"AR","Desha","3"
"TN","Decatur","43"
"TN","Jackson","43"
"MT","Sanders","27"
"IL","Marshall","15"
"UT","Morgan","45"
"TX","Ward","44"
"KY","Martin","18"
"GA","Towns","11"
"WV","Grant","50"
"IA","Shelby","13"
"ND","Ramsey","29"
"ID","Owyhee","14"
"NC","Gates","28"
"IL","Wabash","15"
"VA","Greensville","46"
"MO","Montgomery","25"
"TX","Blanco","44"
"ID","Teton","14"
"VA","Sussex","46"
"IA","Cherokee","13"
"MS","Jefferson Davis","26"
"OK","Noble","37"
"LA","Madison","19"
"CO","Rio Grande","6"
"OR","Morrow","38"
"UT","Juab","45"
"MN","Cottonwood","24"
"TX","Duval","44"
"OK","Washita","37"
"MT","Fergus","27"
"GA","Pulaski","11"
"GA","Bacon","11"
"MT","Richland","27"
"IA","Louisa","13"
"MT","Roosevelt","27"
"MA","Nantucket","20"
"MI","Iron","23"
"OK","Pushmataha","37"
"OK","Johnston","37"
"MN","Pope","24"
"LA","West Carroll","19"
"NM","Sierra","33"
"NC","Alleghany","28"
"VA","Essex","46"
"KY","Green","18"
"MN","Watonwan","24"
"NE","Box Butte","30"
"NC","Clay","28"
"AR","Bradley","3"
"IL","Cumberland","15"
"NE","Custer","30"
"GA","Candler","11"
"IA","Hancock","13"
"KY","Owen","18"
"MI","Mackinac","23"
"NE","Red Willow","30"
"AL","Coosa","2"
"AR","Pike","3"
"ND","Walsh","29"
"VA","Lancaster","46"
"TX","Franklin","44"
"NE","Colfax","30"
"ID","Valley","14"
"ND","Barnes","29"
"MS","Noxubee","26"
"GA","Evans","11"
"IN","Switzerland","16"
"AL","Wilcox","2"
"VA","Middlesex","46"
"KY","Carroll","18"
"IA","Guthrie","13"
"MO","Oregon","25"
"KY","Monroe","18"
"AR","Chicot","3"
"IA","Mitchell","13"
"MT","Carbon","27"
"WA","Lincoln","48"
"IN","Crawford","16"
"MN","Lake","24"
"GA","Chattahoochee","11"
"NC","Camden","28"
"IA","Winnebago","13"
"TX","Sabine","44"
"TX","Dimmit","44"
"TX","Clay","44"
"GA","Lanier","11"
"AR","Scott","3"
"AR","Perry","3"
"MI","Alcona","23"
"OK","Latimer","37"
"OK","Nowata","37"
"ND","Mountrail","29"
"GA","Early","11"
"LA","St. Helena","19"
"SD","Roberts","42"
"KY","Leslie","18"
"TX","Runnels","44"
"AL","Bullock","2"
"MO","Ralls","25"
"TN","Trousdale","43"
"SD","Butte","42"
"IN","Martin","16"
"SD","Todd","42"
"KY","Clinton","18"
"IA","Keokuk","13"
"NE","Holt","30"
"MO","Iron","25"
"IA","Franklin","13"
"TX","Ochiltree","44"
"KS","Nemaha","17"
"UT","Emery","45"
"AL","Lowndes","2"
"MS","Carroll","26"
"MS","Montgomery","26"
"OK","Love","37"
"MO","Howard","25"
"ID","Washington","14"
"IA","Montgomery","13"
"KY","Metcalfe","18"
"TX","Marion","44"
"CO","Yuma","6"
"LA","Caldwell","19"
"MO","Grundy","25"
"AK","Nome","1"
"MS","Tunica","26"
"MO","Lewis","25"
"MN","Jackson","24"
"MS","Kemper","26"
"WY","Sublette","51"
"WV","Ritchie","50"
"GA","Wilkes","11"
"VA","Cumberland","46"
"MN","Yellow Medicine","24"
"IA","Sac","13"
"AK","North Slope","1"
"MN","Stevens","24"
"MS","Webster","26"
"LA","Catahoula","19"
"KS","Marshall","17"
"IA","Calhoun","13"
"TX","Parmer","44"
"GA","Johnson","11"
"NV","White Pine","34"
"KS","Linn","17"
"KS","Rice","17"
"UT","Grand","45"
"KS","Brown","17"
"NE","Cheyenne","30"
"NC","Jones","28"
"IL","Jasper","15"
"ND","McLean","29"
"OK","Blaine","37"
"IA","Humboldt","13"
"SC","McCormick","41"
"AZ","Greenlee","4"
"CO","Clear Creek","6"
"MT","Stillwater","27"
"KS","Pratt","17"
"IA","Emmet","13"
"MT","Beaverhead","27"
"MO","Hickory","25"
"MN","Rock","24"
"MN","Marshall","24"
"MO","St. Clair","25"
"TX","Stephens","44"
"IA","Clarke","13"
"MN","Swift","24"
"SD","Charles Mix","42"
"NE","Wayne","30"
"GA","Irwin","11"
"AL","Perry","2"
"KY","McLean","18"
"MI","Montmorency","23"
"AK","Valdez-Cordova","1"
"KY","Livingston","18"
"TX","Brewster","44"
"IA","Howard","13"
"NE","Hamilton","30"
"MO","Ozark","25"
"AR","Lee","3"
"MN","Pipestone","24"
"MT","Rosebud","27"
"MI","Alger","23"
"ID","Benewah","14"
"MT","Deer Lodge","27"
"NE","Phelps","30"
"MS","Claiborne","26"
"GA","Montgomery","11"
"OK","Woods","37"
"MO","Caldwell","25"
"SC","Allendale","41"
"MT","Dawson","27"
"GA","Wilkinson","11"
"IA","Palo Alto","13"
"KY","Crittenden","18"
"WI","Forest","49"
"NE","Cuming","30"
"AR","Montgomery","3"
"IA","Greene","13"
"KS","Cloud","17"
"IA","Davis","13"
"CA","Modoc","5"
"OK","Kiowa","37"
"VA","Richmond","46"
"MS","Wilkinson","26"
"TX","Somervell","44"
"TX","Jack","44"
"GA","Wilcox","11"
"MN","Clearwater","24"
"WV","Tyler","50"
"NE","Dawes","30"
"MO","Maries","25"
"GA","Jenkins","11"
"VA","Mathews","46"
"MO","Carroll","25"
"GA","Terrell","11"
"KY","Gallatin","18"
"IA","Monona","13"
"KY","Hancock","18"
"SD","Custer","42"
"TX","Archer","44"
"WV","Clay","50"
"KS","Wilson","17"
"IN","Benton","16"
"ID","Clearwater","14"
"AK","Sitka","1"
"FL","Lafayette","10"
"TX","Yoakum","44"
"MO","Monroe","25"
"IA","Lucas","13"
"WY","Platte","51"
"LA","Red River","19"
"WV","Doddridge","50"
"KY","Trimble","18"
"TX","Mitchell","44"
"GA","Hancock","11"
"NC","Graham","28"
"NE","Cedar","30"
"MO","Harrison","25"
"WY","Johnson","51"
"ND","Mercer","29"
"WV","Pocahontas","50"
"GA","Marion","11"
"NE","Knox","30"
"MI","Baraga","23"
"MS","Humphreys","26"
"WV","Webster","50"
"AR","Nevada","3"
"FL","Liberty","10"
"TX","Coleman","44"
"TX","Hamilton","44"
"NM","Quay","33"
"AL","Greene","2"
"GA","Seminole","11"
"KY","Bracken","18"
"MT","Madison","27"
"SD","Turner","42"
"MN","Murray","24"
"MO","Daviess","25"
"TX","San Augustine","44"
"MS","Choctaw","26"
"KY","Lyon","18"
"KS","Coffey","17"
"AK","Kusilvak","1"
"MI","Oscoda","23"
"GA","Atkinson","11"
"IN","Warren","16"
"MS","Benton","26"
"GA","Twiggs","11"
"MO","Shannon","25"
"AR","Prairie","3"
"IL","Hamilton","15"
"TN","Houston","43"
"VA","Franklin","46"
"AR","Cleveland","3"
"CO","Conejos","6"
"GA","Taylor","11"
"KS","Clay","17"
"NE","Keith","30"
"TX","McCulloch","44"
"CO","San Miguel","6"
"MI","Schoolcraft","23"
"WV","Gilmer","50"
"KY","Ballard","18"
"NE","Butler","30"
"WY","Washakie","51"
"ND","Traill","29"
"IA","Decatur","13"
"TN","Perry","43"
"NE","Richardson","30"
"GA","Turner","11"
"GA","Wheeler","11"
"AR","Searcy","3"
"TX","Winkler","44"
"GA","Lincoln","11"
"ID","Lemhi","14"
"OR","Lake","38"
"KS","Anderson","17"
"AR","Newton","3"
"KS","Thomas","17"
"IA","Monroe","13"
"NE","Merrick","30"
"CO","Lake","6"
"MS","Franklin","26"
"AK","Northwest Arctic","1"
"OK","Major","37"
"KS","Doniphan","17"
"TX","Castro","44"
"ID","Power","14"
"TN","Clay","43"
"MO","Dade","25"
"WA","Ferry","48"
"TX","Goliad","44"
"KY","Elliott","18"
"UT","Kane","45"
"MO","Chariton","25"
"WV","Pleasants","50"
"WY","Crook","51"
"MT","Valley","27"
"KS","Grant","17"
"CO","Kit Carson","6"
"IA","Worth","13"
"TX","Swisher","44"
"TX","La Salle","44"
"OK","Tillman","37"
"TN","Lake","43"
"ID","Boise","14"
"VA","Rappahannock","46"
"KS","Kingman","17"
"PA","Forest","39"
"SD","Hutchinson","42"
"TX","Dallam","44"
"WV","Calhoun","50"
"AR","Dallas","3"
"OR","Harney","38"
"WI","Pepin","49"
"TX","Childress","44"
"VA","Lexington","46"
"MS","Jefferson","26"
"KY","Wolfe","18"
"OR","Grant","38"
"MS","Quitman","26"
"NE","Thurston","30"
"KY","Nicholas","18"
"IA","Van Buren","13"
"SD","Grant","42"
"TX","Refugio","44"
"NE","Jefferson","30"
"NE","Pierce","30"
"TX","Brooks","44"
"IN","Union","16"
"TX","Bailey","44"
"LA","East Carroll","19"
"IA","Adair","13"
"AR","Monroe","3"
"WY","Weston","51"
"VA","King and Queen","46"
"VT","Grand Isle","47"
"VA","Charles City","46"
"OR","Wallowa","38"
"WV","Pendleton","50"
"WV","Tucker","50"
"TX","Presidio","44"
"NE","Nemaha","30"
"GA","Randolph","11"
"IL","Schuyler","15"
"ID","Caribou","14"
"KS","Russell","17"
"ND","Pembina","29"
"IA","Fremont","13"
"LA","Cameron","19"
"SD","Bon Homme","42"
"IA","Ida","13"
"KS","Wabaunsee","17"
"KY","Lee","18"
"AK","Southeast Fairbanks","1"
"ND","Benson","29"
"MT","Powell","27"
"IL","Henderson","15"
"AR","Lafayette","3"
"IA","Pocahontas","13"
"GA","Treutlen","11"
"MO","Clark","25"
"SD","Fall River","42"
"MN","Lac qui Parle","24"
"MT","Blaine","27"
"KY","Cumberland","18"
"GA","Clinch","11"
"CO","Huerfano","6"
"KS","Pawnee","17"
"IL","Brown","15"
"MO","Gentry","25"
"NV","Pershing","34"
"CO","Saguache","6"
"TN","Hancock","43"
"AR","Woodruff","3"
"NE","Kearney","30"
"VA","Surry","46"
"MN","Norman","24"
"UT","Beaver","45"
"VA","Galax","46"
"NE","Burt","30"
"SD","Moody","42"
"ND","Bottineau","29"
"VA","Buena Vista","46"
"SD","Spink","42"
"IL","Edwards","15"
"KY","Menifee","18"
"IA","Wayne","13"
"NE","Howard","30"
"AK","Prince of Wales-Hyder","1"
"VA","Bland","46"
"CO","Rio Blanco","6"
"TN","Moore","43"
"GA","Calhoun","11"
"NE","Antelope","30"
"MI","Luce","23"
"GA","Talbot","11"
"GA","Stewart","11"
"MN","Wilkin","24"
"MO","Reynolds","25"
"IL","Alexander","15"
"MO","Sullivan","25"
"KS","Ellsworth","17"
"NE","Clay","30"
"VT","Essex","47"
"IA","Taylor","13"
"OK","Jefferson","37"
"MO","Carter","25"
"KS","Mitchell","17"
"PA","Sullivan","39"
"KY","Fulton","18"
"MT","Teton","27"
"KS","Greenwood","17"
"TX","Garza","44"
"IA","Osceola","13"
"KS","Gray","17"
"SD","Hamlin","42"
"CO","Gilpin","6"
"MO","Shelby","25"
"TX","Carson","44"
"ID","Bear Lake","14"
"MT","Pondera","27"
"TX","San Saba","44"
"NE","Stanton","30"
"MT","Broadwater","27"
"KS","Sherman","17"
"MN","Grant","24"
"ND","McHenry","29"
"MI","Ontonagon","23"
"IN","Ohio","16"
"OK","Greer","37"
"OK","Cotton","37"
"OK","Alfalfa","37"
"TX","Crosby","44"
"SD","Dewey","42"
"TX","Lynn","44"
"KS","Ottawa","17"
"TX","Floyd","44"
"WV","Wirt","50"
"GA","Miller","11"
"CO","Bent","6"
"NE","Cherry","30"
"TN","Van Buren","43"
"CO","Crowley","6"
"MT","Chouteau","27"
"TX","Haskell","44"
"IL","Putnam","15"
"NE","Dixon","30"
"AK","Aleutians West","1"
"WI","Iron","49"
"MN","Lincoln","24"
"TX","Hartley","44"
"TX","Martin","44"
"NV","Lander","34"
"KS","Stevens","17"
"VA","Covington","46"
"KS","Harper","17"
"CO","Lincoln","6"
"OK","Coal","37"
"IA","Audubon","13"
"KS","Morris","17"
"SD","McCook","42"
"NE","Fillmore","30"
"TX","Hansford","44"
"IL","Pulaski","15"
"MN","Mahnomen","24"
"KS","Washington","17"
"SD","Day","42"
"SD","Tripp","42"
"SD","Walworth","42"
"IL","Stark","15"
"KS","Norton","17"
"VA","Emporia","46"
"AK","Yukon-Koyukuk","1"
"OK","Beaver","37"
"MN","Cook","24"
"ID","Lincoln","14"
"KS","Phillips","17"
"TX","Wheeler","44"
"ND","Ransom","29"
"GA","Warren","11"
"NE","Boone","30"
"SD","Brule","42"
"TX","Delta","44"
"TX","Jim Hogg","44"
"NE","Sheridan","30"
"MO","Atchison","25"
"NE","Polk","30"
"GA","Schley","11"
"NC","Hyde","28"
"AR","Calhoun","3"
"NV","Lincoln","34"
"NE","Johnson","30"
"VA","Craig","46"
"TN","Pickett","43"
"IL","Gallatin","15"
"NE","Thayer","30"
"KS","Rooks","17"
"IL","Scott","15"
"UT","Garfield","45"
"MN","Big Stone","24"
"IA","Ringgold","13"
"AK","Dillingham","1"
"SD","Kingsbury","42"
"ND","Dickey","29"
"OK","Dewey","37"
"KS","Scott","17"
"MO","Scotland","25"
"MT","Toole","27"
"SD","Marshall","42"
"TX","Mills","44"
"CO","Washington","6"
"IL","Calhoun","15"
"TX","Crane","44"
"CO","Ouray","6"
"KY","Carlisle","18"
"MO","Putnam","25"
"NE","Morrill","30"
"CO","Custer","6"
"MT","Musselshell","27"
"NE","Furnas","30"
"KS","Republic","17"
"KS","Barber","17"
"PA","Cameron","39"
"WY","Hot Springs","51"
"LA","Tensas","19"
"WI","Menominee","49"
"MO","Schuyler","25"
"NM","Mora","33"
"NY","Hamilton","35"
"KY","Hickman","18"
"NV","Mineral","34"
"KY","Owsley","18"
"MO","Holt","25"
"TX","Hudspeth","44"
"MS","Sharkey","26"
"OK","Grant","37"
"ND","Dunn","29"
"ID","Oneida","14"
"TX","Kimble","44"
"ND","Sioux","29"
"NM","Guadalupe","33"
"SD","Deuel","42"
"WI","Florence","49"
"MN","Kittson","24"
"VA","Bath","46"
"NM","Hidalgo","33"
"CO","Phillips","6"
"WA","Wahkiakum","48"
"MT","Mineral","27"
"NE","Nuckolls","30"
"NE","Valley","30"
"IL","Pope","15"
"TX","Mason","44"
"SD","Gregory","42"
"KS","Stafford","17"
"KS","Meade","17"
"ID","Custer","14"
"SD","Corson","42"
"NM","Union","33"
"ND","Pierce","29"
"ND","LaMoure","29"
"ID","Adams","14"
"NC","Tyrrell","28"
"MT","Phillips","27"
"KS","Haskell","17"
"MN","Red Lake","24"
"OK","Ellis","37"
"TX","Hemphill","44"
"WA","Columbia","48"
"NV","Storey","34"
"GA","Echols","11"
"ND","Wells","29"
"VA","Norton","46"
"MO","Knox","25"
"TX","Hardeman","44"
"IL","Hardin","15"
"SD","Edmunds","42"
"KS","Kearny","17"
"ND","Sargent","29"
"TX","Fisher","44"
"SD","Lyman","42"
"ID","Lewis","14"
"TX","Sutton","44"
"ND","Cavalier","29"
"NE","Chase","30"
"MN","Lake of the Woods","24"
"TX","Reagan","44"
"OK","Harper","37"
"CO","Costilla","6"
"TX","Knox","44"
"SD","Clark","42"
"IA","Adams","13"
"MT","Sweet Grass","27"
"OK","Roger Mills","37"
"TX","Upton","44"
"TX","Kinney","44"
"MO","Mercer","25"
"NE","Kimball","30"
"KS","Smith","17"
"TX","Baylor","44"
"CO","Baca","6"
"NE","Nance","30"
"NE","Webster","30"
"KS","Osborne","17"
"NM","Catron","33"
"TX","Crockett","44"
"MT","Sheridan","27"
"SD","Bennett","42"
"NE","Harlan","30"
"TX","Real","44"
"SD","Hanson","42"
"TX","Lipscomb","44"
"AK","Aleutians East","1"
"TX","Donley","44"
"KS","Chautauqua","17"
"MT","Granite","27"
"MN","Traverse","24"
"ND","Emmons","29"
"TX","Coke","44"
"TX","Shackelford","44"
"SD","Jackson","42"
"TX","Concho","44"
"ND","Foster","29"
"AK","Petersburg","1"
"SD","Hand","42"
"KS","Woodson","17"
"ND","Bowman","29"
"GA","Baker","11"
"TX","Sherman","44"
"TX","Hall","44"
"KS","Lincoln","17"
"CA","Sierra","5"
"NE","Sherman","30"
"KS","Rush","17"
"SD","Stanley","42"
"NE","Brown","30"
"GA","Glascock","11"
"NE","Franklin","30"
"TX","Schleicher","44"
"TX","Collingsworth","44"
"GA","Clay","11"
"SD","Douglas","42"
"MT","Fallon","27"
"NE","Perkins","30"
"SD","Perkins","42"
"ND","Nelson","29"
"TX","Cochran","44"
"KS","Jewell","17"
"KS","Ness","17"
"KS","Edwards","17"
"KS","Decatur","17"
"KS","Trego","17"
"NE","Hitchcock","30"
"KS","Logan","17"
"SD","Ziebach","42"
"SD","Aurora","42"
"KS","Morton","17"
"OK","Harmon","37"
"UT","Wayne","45"
"KS","Cheyenne","17"
"NE","Pawnee","30"
"KS","Gove","17"
"NE","Frontier","30"
"KS","Chase","17"
"GA","Webster","11"
"ND","McIntosh","29"
"KS","Hamilton","17"
"ID","Butte","14"
"ND","Hettinger","29"
"KS","Elk","17"
"KS","Graham","17"
"AK","Haines","1"
"KS","Sheridan","17"
"KS","Kiowa","17"
"AK","Wrangell","1"
"KS","Rawlins","17"
"ND","Kidder","29"
"ND","Renville","29"
"WY","Niobrara","51"
"ND","Griggs","29"
"UT","Rich","45"
"NE","Greeley","30"
"SD","Sanborn","42"
"ND","Grant","29"
"MT","Liberty","27"
"ND","Divide","29"
"CO","Sedgwick","6"
"SD","Potter","42"
"SD","Faulk","42"
"ND","Adams","29"
"ND","Eddy","29"
"SD","McPherson","42"
"GA","Quitman","11"
"AK","Denali","1"
"TX","Jeff Davis","44"
"WA","Garfield","48"
"ND","Towner","29"
"TX","Culberson","44"
"SD","Miner","42"
"VA","Highland","46"
"TX","Dickens","44"
"ND","Burke","29"
"OK","Cimarron","37"
"MT","Wheatland","27"
"AK","Hoonah-Angoon","1"
"KS","Wichita","17"
"KY","Robertson","18"
"TX","Menard","44"
"MI","Keweenaw","23"
"TX","Oldham","44"
"SD","Mellette","42"
"KS","Stanton","17"
"NM","De Baca","33"
"MO","Worth","25"
"CO","Cheyenne","6"
"KS","Clark","17"
"SD","Buffalo","42"
"SD","Haakon","42"
"SD","Jerauld","42"
"NE","Gosper","30"
"NE","Garfield","30"
"TX","Armstrong","44"
"MT","Judith Basin","27"
"NE","Boyd","30"
"TX","Edwards","44"
"NE","Dundy","30"
"MT","Meagher","27"
"OR","Gilliam","38"
"KS","Hodgeman","17"
"ND","Logan","29"
"UT","Piute","45"
"NE","Garden","30"
"NV","Eureka","34"
"CO","Dolores","6"
"ND","Golden Valley","29"
"ND","Oliver","29"
"NE","Deuel","30"
"MT","McCone","27"
"ND","Steele","29"
"KS","Comanche","17"
"MT","Daniels","27"
"OR","Sherman","38"
"TX","Cottle","44"
"TX","Irion","44"
"GA","Taliaferro","11"
"MT","Powder River","27"
"KS","Wallace","17"
"KS","Lane","17"
"TX","Glasscock","44"
"CO","Kiowa","6"
"SD","Campbell","42"
"TX","Stonewall","44"
"TX","Briscoe","44"
"TX","Throckmorton","44"
"OR","Wheeler","38"
"NE","Rock","30"
"ND","Sheridan","29"
"AK","Lake and Peninsula","1"
"MS","Issaquena","26"
"MT","Carter","27"
"SD","Hyde","42"
"SD","Harding","42"
"SD","Sully","42"
"TX","Foard","44"
"CO","Jackson","6"
"TX","Motley","44"
"MT","Prairie","27"
"TX","Sterling","44"
"NE","Sioux","30"
"KS","Greeley","17"
"MT","Wibaux","27"
"AK","Skagway","1"
"ID","Camas","14"
"CA","Alpine","5"
"MT","Garfield","27"
"NV","Esmeralda","34"
"NE","Logan","30"
"ND","Billings","29"
"ID","Clark","14"
"TX","Terrell","44"
"NE","Hayes","30"
"AK","Bristol Bay","1"
"CO","Hinsdale","6"
"CO","Mineral","6"
"TX","Roberts","44"
"SD","Jones","42"
"NE","Wheeler","30"
"TX","McMullen","44"
"NE","Keya Paha","30"
"ND","Slope","29"
"MT","Golden Valley","27"
"NE","Grant","30"
"NE","Banner","30"
"NE","Hooker","30"
"MT","Treasure","27"
"AK","Yakutat","1"
"TX","Kent","44"
"NE","Thomas","30"
"TX","Borden","44"
"UT","Daggett","45"
"NE","Loup","30"
"CO","San Juan","6"
"TX","Kenedy","44"
"NE","Blaine","30"
"MT","Petroleum","27"
"NM","Harding","33"
"NE","Arthur","30"
"NE","McPherson","30"
"TX","King","44"
"TX","Loving","44"
"HI","Kalawao","12"
